id,item_number,name_he,excel_name,description_he,image_url,was_active
"fcad375b-ee27-46be-8869-83867b138a4f","001-021C","מקדח יהלום - 5 יח  A4C","001-021","","","true"
"3446ed0a-c693-4ce9-82bd-30c4be127b34","001-014C","מקדח יהלום - 5 יח  A2C","001-014","2 2 2","","true"
"bf04da50-7501-4269-91e1-e7b736e5926a","001-018C","מקדח יהלום - 5 יח  A3C","001-018","3 3 3 3","","true"
"5d6a1065-32aa-4632-babb-f0792b35fd20","001-023F","מקדח יהלום - 5 יח","001-023","4 4 4 4","","true"
"a9665df2-2619-4622-b98b-1b9376ef9b9f","001-033C","מקדח יהלום - 5 יח A5LC","001-033","5 5","","true"
"c918c590-b8e1-4662-beee-84bb4c486523","257-016C","מקדח יהלום - 5 יח","257-016","1 1 1 1 אורך פעיל - 3.2 מ""מ","","true"
"18eb8632-e450-40b7-a5c5-bb05dcf33186","257-023C","מקדח יהלום - 5 יח  K2C","257-023","2 2 2 2 2 אורך פעיל - 5 מ""מ","","true"
"c9d30db0-cc87-4fc1-b1e0-a1043ad892b8","277-018C","מקדח יהלום - 5 יח","277-018","1 1 1 אורך פעיל - 3.4 מ""מ","","true"
"e724f91b-e9a5-45df-8d28-c2c465aa4392","277-021C","מקדח יהלום - 5 יח","277-021","אורך פעיל - 4.1 מ""מ","","true"
"6e400558-5096-4c35-8bd8-95f86e03d486","277-023XF","מקדח יהלום - 5 יח  K2RSF","277-023","2 2 2 2 2 אורך פעיל - 4.5 מ""מ","","true"
"96ac051f-8c5e-4054-b554-061f2210a601","517-018SC","מקדח יהלום - 5 יח","517-018","","","true"
"c4354d2f-5f55-4045-8450-9f30360872df","250-016M","מקדח יהלום - 5 יח","250-016","6 6 אורך פעיל - 10 מ""מ","","true"
"009aa25a-b3c1-41cf-bc74-e9d74e8314f2","250-012C","מקדח יהלום - 5 יח  Z50C","250-012","50 50 50 50 אורך פעיל - 10 מ""מ","","true"
"c4a1adc4-da0c-40f1-b016-95d8626d2840","250-014C","מקדח יהלום - 5 יח","250-014","51 51 51 אורך פעיל - 10 מ""מ","","true"
"a371b928-4827-4491-8d0c-ae53683d9bca","010-019C","מקדח יהלום - 5 יח  B2C","010-019C","2 אורך פעיל - 1.7 מ""מ","","true"
"32a63791-66ae-4244-8f27-0d54d5ec0aa0","552-021M","מקדח יהלום Depth Marker - יח5","552-021","","","true"
"ea96c8a6-2884-43f8-aa98-61407e8c461f","552-016M","מקדח יהלום Depth Marker - יח5","552-016","","","true"
"d4fd4342-9f0b-4d41-bb34-4c4d83202f5f","166-016C","מקדח יהלום - 5 יח  E3C","166-016","3 3 3 3 3 אורך פעיל - 10 מ""מ","","true"
"7c9e12d5-06ba-4c8e-a1ed-c91f2fae67b1","197-025C","מקדח יהלום - 5 יח","197 - 025","פקונוס קצה עגול","","true"
"baa0ed30-5bc1-40fa-9453-465bc98a75c6","001-009C","מקדח יהלום - 5 יח","001-009C","0","","true"
"3db66eeb-9d9f-4f8d-a9ca-d2be6649fad2","001-010C","מקדח יהלום - 5 יח","001-010","0 01","","true"
"f9d0c1c5-a4b2-48c6-b66a-538f81577071","001-012C","מקדח יהלום - 5 יח  A1C","001-012","1 1 1 1","","true"
"a07ff85a-60b0-41c0-8edc-3010ac45f536","001-016M","מקדח יהלום - 5 יח  A25M","001 - 016","25 25 25","","true"
"ac3f0209-b4cd-4847-b9aa-bda384616ee8","010-012C","מקדח יהלום - 5 יח  B1C","010 - 012","1 1>אורך פעיל 1.5 מ""מ","","true"
"f81cc5ba-5023-436a-a3fa-0eb4230c76eb","010-014C","מקדח יהלום - 5 יח","010-014C","14 אורך פעיל - 1.5מ""מ","","true"
"e29db871-3b50-42e0-8d62-4159fb29b547","038-033C","מקדח יהלום - 5 יח  M41C","038-033","4 4","","true"
"37dd0e18-86ec-43ba-b648-853ba36ce327","067-036C","מקדח יהלום - 5 יח","067-036C","04 אורך פעיל - 1.2 מ""מ","","true"
"53a6208e-b8a1-4062-a9be-e7b68a2b485a","068-042C","מקדח יהלום - 5 יח","068-042C","041 אורך פעיל - 1.9 מ""מ","","true"
"180a6853-3fdb-4bcb-ac63-15f2753ae8ea","109-008C","מקדח יהלום - 5 יח","109-008","0 0 אורך פעיל - 4 מ""מ","","true"
"5bbe3616-c3ba-4d94-9fb4-fed23c95a5d7","109-010C","מקדח יהלום - 5 יח   D1C","109-010","1 1 1 אורך פעיל - 10 מ""מ","","true"
"03b5d030-e5c7-46e8-b507-10c9485f2f76","109-012C","מקדח יהלום - 5 יח","109-012C","31 אורך פעיל - 4 מ""מ","","true"
"7229ce61-3d29-47fb-b9cf-eceea66ff24d","109-016XC","מקדח יהלום - 5 יח","109-016XC","2 אורך פעיל - 4 מ""מ","","true"
"f9fce7d8-d83b-4312-9825-5b194f56e15f","110-010C","מקדח יהלום - 5 יח","110-010","11 11 11 אורך פעיל - 6 מ""מ","","true"
"30e435af-eea4-459a-aa06-ec87bc8c41c4","110-012C","מקדח יהלום - 5 יח","110-012C","3 אורך פעיל - 6 מ""מ","","true"
"0d3e73a1-0e86-4a1a-a3c1-20927c2e7120","110-014C","מקדח יהלום - 5 יח","110-014","13 13 אורך פעיל - 6 מ""מ","","true"
"8ce991c4-3309-40b9-8602-21e38724d818","110-016XC","מקדח יהלום - 5 יח","110-016XC","אורך פעיל - 6 מ""מ","","true"
"6ee8ee48-6718-4849-b65a-20a2e19b1352","111-010C","מקדח יהלום - 5 יח","111-010C","12 אורך פעיל - 8 מ""מ","","true"
"6634447b-74bd-4bf0-a919-4026a9cefba7","111-012C","מקדח יהלום - 5 יח","111-012","32 32 32 אורך פעיל - 8 מ""מ","","true"
"1f801bbf-2982-44f1-9dd3-0367d255f3d6","111-014XC","מקדח יהלום - 5 יח","111-014XC","4 אורך פעיל - 8 מ""מ","","true"
"8f5c6d25-48f8-4aeb-988d-d0b56d2d39f0","111-016XC","מקדח יהלום - 5 יח","111-016XC","5 אורך פעיל - 8 מ""מ","","true"
"a7487957-25a3-462b-825f-3f77c5e90f40","111-018XC","מקדח יהלום - 5 יח","111-018XC","6 אורך פעיל - 8 מ""מ","","true"
"49ad7efb-52fa-4f1c-8f8e-f55cead8ed07","112-014C","מקדח יהלום - 5 יח","112 - 014 C","","","true"
"711c824d-8bc2-4e9a-8fff-f50100868b33","130-012C","מקדח יהלום - 5 יח","130-012","7 7 אורך פעיל - 8 מ""מ","","true"
"11f0ae61-a71a-41f9-bc8f-3124b242a377","131-012C","מקדח יהלום בצורת צילינדר מחודד קו סיום של 135 מעלות - 5 יח","131-012","72 72 72 אורך פעיל - 10 מ""מ","","true"
"38c8a117-77fd-4f4d-a2a0-0b8898efb291","131-014C","מקדח יהלום - 5 יח","131-014C","3 אורך פעיל - 10 מ""מ","","true"
"f0293589-7199-4833-8375-6460d4b5f13f","139-010C","מקדח יהלום - 5 יח","139-010C","1 אורך פעיל - 4 מ""מ","","true"
"ab9a6518-20ef-4641-9c25-31f1f8f74af6","139-012C","מקדח יהלום - 5 יח","139-012","31 31 31 אורך פעיל - 4 מ""מ","","true"
"07e1ec9b-8b18-46c4-8d73-eca9ecd8da35","139-014C","מקדח יהלום - 5 יח","139-014","144 144 אורך פעיל - 4 מ""מ","","true"
"8d680da2-158e-4637-88d8-5556020e047f","140-012F","מקדח יהלום - 5 יח","140-012","אורך פעיל - 6 מ""מ","","true"
"2fc634c2-83e1-4489-ba62-3f8f5afeb102","140-014C","מקדח יהלום - 5 יח","140-014","אורך פעיל - 6 מ""מ","","true"
"bd4374d5-5f45-4b39-a0d5-ef6841d3341c","141-010C","מקדח יהלום - 5 יח","141-010C","אורך פעיל - 8 מ""מ","","true"
"aaf96e45-210c-401f-999b-d2bd66a331a9","141-012C","מקדח יהלום - 5 יח","141-012","128 128 128 128 128 אורך פעיל - 8 מ""מ","","true"
"c0bab6df-14de-4530-aecb-7d046ded75aa","141-014C","מקדח יהלום - 5 יח","141-014","4 4 4 4 אורך פעיל - 8 מ""מ","","true"
"45c7fc6f-80f0-410a-a353-e23f878d429a","141-016C","מקדח יהלום - 5 יח","141-016","5 5 5 5 אורך פעיל - 8 מ""מ","","true"
"efca8980-006e-433f-881f-54e2dcea466f","141-018XC","מקדח יהלום - 5 יח","141-018XC","אורך פעיל - 8 מ""מ","","true"
"c9e3a5f3-897c-4e5c-a05f-4168b61e1fc9","142-014M","מקדח יהלום - 5 יח","142-014M","אורך פעיל - 10 מ""מ","","true"
"94b2fdf9-6050-4150-b838-4e8339ee4ee9","150-016M","מקדח יהלום - 5 יח","150-016M","מקדח לקו סיום","","true"
"7b09cb99-ba90-4297-826f-af877316638e","164-010C","מקדח יהלום - 5 יח","164-010","אורך פעיל - 6 מ""מ","","true"
"7cdd8d83-8d8d-464e-855c-cfab4f11929f","164-012C","מקדח יהלום - 5 יח","164-012","1 1 אורך פעיל - 6 מ""מ","","true"
"4ebe16b2-ca35-4790-a1b6-ca856e2c9c12","164-014C","מקדח יהלום - 5 יח","164-014","2 2 2 2 אורך פעיל - 6 מ""מ","","true"
"65c931f7-8c31-428e-94c1-1575f5fb18d2","165-014XF","מקדח יהלום - 5 יח  E2SSF","165-014","2 2 אורך פעיל - 8 מ""מ","","true"
"4354c105-4942-4e57-b5ee-f8e7de1ed18f","166-010C","מקדח יהלום - 5 יח","166-010","11 11 11 11 אורך פעיל - 10 מ""מ","","true"
"349489f4-12e7-4db6-9661-79653b252a3d","166-012C","מקדח יהלום - 5 יח","166-012","11 11 אורך פעיל - 10 מ""מ","","true"
"77649f03-be39-4c53-b566-4ea52350f355","166-014M","מקדח יהלום - 5 יח","166-014","31 31 31 אורך פעיל - 10 מ""מ","","true"
"19432d88-a38d-42ef-86a8-c4f93c0e9286","166-018C","מקדח יהלום - 5 יח","166-018","2 2 אורך פעיל - 10 מ""מ","","true"
"20dffa65-0869-4a97-96ab-004f448ab839","167-012C","מקדח יהלום - 5 יח","167-012","12 12 12 12 12 אורך פעיל - 11.5 מ""מ","","true"
"42eeb443-d4cc-495b-aa24-3ad46fe3a414","172-014C","מקדח יהלום - 5 יח","172 - 014","","","true"
"2792197c-c43c-4fd6-92e7-1fa5d7013cf2","172-016C","מקדח יהלום - 5 יח","172 - 016","","","true"
"f2459307-cc46-41dc-8cdd-058c75e38b85","172-018C","מקדח יהלום - 5 יח","172 - 018 C","","","true"
"14ae3861-8134-4142-9f3b-24db95ba5dad","173-012C","מקדח יהלום - 5 יח","173 - 012C","","","true"
"d97ce019-332f-469b-8881-319a70f59ac2","173-014C","מקדח יהלום - 5 יח","173 - 014C","","","true"
"6f26a0b2-7e7a-4b6a-bb0a-602d0a1f67c5","173-016C","מקדח יהלום - 5 יח","173 - 016","","","true"
"a39e9863-4a24-4cf7-bd41-5bd565e27998","173-018C","מקדח יהלום - 5 יח","173 - 018","","","true"
"786c6b19-d4d7-4aa6-8578-9f83546d4a70","174-013C","מקדח יהלום - 5 יח","174 - 013","","","true"
"59125d03-5ac6-4482-82bb-3a23de45a5d3","196-009F","מקדח יהלום - 5 יח","196 - 009 F","","","true"
"e01dac3b-426a-465b-b8df-621ef27baea3","196-026C","מקדח יהלום - 5 יח","196 - 026","","","true"
"cc90464b-e0c3-45b5-b8fa-c8b76d6b30b7","197-012C","מקדח יהלום - 5 יח","197 - 012","","","true"
"4507cf02-9b4b-41bd-9f98-d628af3256b3","197-014C","מקדח יהלום  - 5 יח  C1C","197 - 014","","","true"
"992f8e06-1d56-46f1-a82f-27b9ae5fc95a","197-018SC","מקדח יהלום קצר  - 5 יח  C2S/C","197-018","","","true"
"0485492d-c82c-46e4-b70f-b0ede8d6c3fe","197-023C","מקדח יהלום - 5 יח","197 - 023","","","true"
"18cf769f-ef24-400b-9e74-cfacfcae2d6e","198-012C","מקדח יהלום - 5 יח","198-012C","11 אורך פעיל - 8 מ""מ","","true"
"c0010cf1-c741-4fb8-8168-762a3c1b953f","198-014C","מקדח יהלום - 5 יח","198-014","12 12 12 12 אורך פעיל - 8 מ""מ","","true"
"0752aee6-81ed-4745-95b8-9660a461cc9f","198-016C","מקדח יהלום - 5 יח","198-016","31 31 אורך פעיל - 8 מ""מ","","true"
"0ed0f231-d7b5-45c5-bd52-6633f5f180c6","198-018C","מקדח יהלום - 5 יח","198-018","11 3 11 3 אורך פעיל - 8 מ""מ","","true"
"a77e37af-22bc-4b9e-a5a6-a1781d1c7ba0","198-019XC","מקדח יהלום - 5 יח","198-019XC","2 אורך פעיל - 8 מ""מ","","true"
"06e9d2d1-1eda-41e7-ad6a-2cd52ee6d26e","198-021C","מקדח יהלום - 5 יח","198-021","21 21 21 אורך פעיל - 8 מ""מ","","true"
"f14bc103-91f5-4353-9ae2-a37d0b5ee079","198-025XC","מקדח יהלום - 5 יח  F25RSC","198-025XC","31 אורך פעיל - 8 מ""מ","","true"
"c317f97b-54f1-48e0-92cf-3547c4ae3521","199-010F","מקדח יהלום - 5 יח","199-010","09 09 09 אורך פעיל - 10 מ""מ","","true"
"8896ee5a-cb4c-4cb8-a1cd-8e638c337689","199-012C","מקדח יהלום - 5 יח","199-012","10 06 10 06 10 06 10 06 אורך פעיל - 10 מ""מ","","true"
"14a1c265-f1f8-45af-a881-16a80c2a7033","199-016C","מקדח יהלום - 5 יח  F1RC","199-016","אורך פעיל - 10 מ""מ","","true"
"7b16a286-623d-4816-902c-a0bc854a7bfb","199-018C","מקדח יהלום - 5 יח","199-018","אורך פעיל - 10 מ""מ","","true"
"b69a6039-5d03-4240-96cc-37d7fc04d934","199-019SC","מקדח יהלום Short - יח5   F2RC","199-019","אורך פעיל - 10 מ""מ","","true"
"2ed7a80c-64df-4bf7-a378-f949c84f4087","200-016C","מקדח יהלום - 5 יח","200-016C","אורך פעיל - 11.5 מ""מ","","true"
"3e31f518-99f3-4f1a-94f9-84fa18049794","220-014M","מקדח יהלום - 5 יח","220-014M","4 אורך פעיל - 10 מ""מ","","true"
"870ea3c1-5306-4582-8361-77592ce39720","225-013C","מקדח יהלום - 5 יח  B3C","225-013","3 3 3 אורך פעיל - 3.5 מ""מ","","true"
"7e26ceaf-f0d1-434b-87bc-4b4a14bcdee8","225-016C","מקדח יהלום - 5 יח","225-016C","35 אורך פעיל - 4 מ""מ","","true"
"d3c35100-b00c-471a-b035-436b38c7290c","225-018C","מקדח יהלום - 5 יח  B4C","225-018C","4 אורך פעיל - 4 מ""מ","","true"
"a7939a27-dcdc-455c-8529-bb308baf1281","237-012XF","מקדח יהלום - 5 יח","237-012XF","4","","true"
"8931773d-1b0f-442f-9c5f-723390e48997","249-010C","מקדח יהלום - 5 יח","249-010","52 52 אורך פעיל - 8 מ""מ","","true"
"fe973144-8162-4409-a286-8005679a7629","249-012F","מקדח יהלום - 5 יח","249-012","51 51 51 51 אורך פעיל - 8 מ""מ","","true"
"b4a041a9-ae78-4d21-900c-c34c3fcdd8b1","249-014C","מקדח יהלום - 5 יח   E5C","249-014","5 5 5 5 5 אורך פעיל - 8 מ""מ","","true"
"7125e8c1-3838-4ef4-a89e-b1d656dc2a97","249-016C","מקדח יהלום - 5 יח","249-016C","66 אורך פעיל - 8 מ""מ","","true"
"5a08f231-4f2b-471f-9077-7398c28a54d4","250-010C","מקדח יהלום - 5 יח E53C","250-010","53 53 53 53 אורך פעיל - 10 מ""מ","","true"
"8700aaaa-2a57-4837-9569-fcf0b7152d5d","257-018C","מקדח יהלום - 5 יח","257-018","11 11 11 11 11 אורך פעיל - 4.6 מ""מ","","true"
"64708e5b-458c-4327-b6eb-2c2e7b41645f","257-020C","מקדח יהלום - 5 יח","257-020","אורל פעיל - 4.6 מ""מ","","true"
"72e4331b-a88b-4a0d-9ac8-bb235a01581c","288-010F","מקדח יהלום - 5 יח","288-010F","אורך פעיל - 6 מ""מ","","true"
"6a7086ef-8779-4688-9bb5-bd1d712ea472","288-012C","מקדח יהלום - 5 יח","288-012","10 10 אורך פעיל - 6 מ""מ","","true"
"9de9e3bf-3ae5-469e-b82c-2d16792260fa","289-012C","מקדח יהלום - 5 יח S11C/E73","289-012","11 73 11 73אורך פעיל - 8 מ""מ","","true"
"6a8c8b4a-16d7-45c5-8189-4b376f5c4706","289-014C","מקדח יהלום - 5 יח","289-014","74 74 74 אורך פעיל - 8 מ""מ","","true"
"9b2385b6-e70d-488f-a308-129d76c4033c","290-010C","מקדח יהלום - 5 יח","290-010","אורך פעיל - 9.5 מ""מ","","true"
"2240accb-ba6e-4ef6-9716-bec9ce2f2f80","290-012C","מקדח יהלום - 5 יח","290-012","1 1 1 1 אורך פעיל - 9.5 מ""מ","","true"
"bb5de7a7-7a8a-4c5e-b364-c029ba70ca9c","290-014C","מקדח יהלום - 5 יח","290-014","1410 1410 1410 אורך פעיל - 10 מ""מ","","true"
"145e3118-751c-4611-bc88-0a29ddabe6ea","299-012XC","מקדח יהלום - 5 יח","299-012XC","אורך פעיל - 9.5 מ""מ","","true"
"e1d492b9-f5ad-44c3-9287-9fd7442c5749","299-018C","מקדח יהלום - 5 יח","299-018","6 6 אורך פעיל - 10 מ""מ","","true"
"70744e59-74d2-49e0-a985-a701caa1e259","299-019F","מקדח יהלום - 5 יח","299-019S(Short)","6 מקדח קצראורך פעיל - 10 מ""מ","","true"
"07f822ca-05be-4202-bd2f-f6a86cc5fcc7","508T-016M","מקדח יהלום - 5 יח - להשחזת שיניים בגבול החניכיים בצורה מתכנסת","508T-016M","אורך פעיל - 8 מ""מ","","true"
"704128d7-e45d-4816-9628-19cdf7fb6619","521-019SC","מקדח יהלום - 5 יח","521-019S","מקדח קצראורך פעיל - 10 מ""מ","","true"
"82c43a76-72c6-4c59-8d29-d8aaa52a048b","539-007C","מקדח יהלום - 5 יח","539-007","אורך פעיל - 3 מ""מ","","true"
"2a25b3d9-0a11-463a-bd42-c7341ee30ef7","540-008F","מקדח יהלום - 5 יח","540-008","3 3 אורך פעיל - 3 מ""מ","","true"
"483324b4-df77-4c63-afd5-bba5debef787","540-010C","מקדח יהלום - 5 יח","540-010","42 42 42 42 אורך פעיל - 3 מ""מ","","true"
"a394e52b-2fde-412a-858d-b6227e120b01","697-012C","מקדח יהלום ארוך - 5 יח  A1LC","697-012","1 1 אורך פעיל - 1.2 מ""מ","","true"
"d6873e18-508d-489c-8259-536a13baa79f","697-014C","מקדח יהלום ארוך - 5 יח  A2LC","697-014","2 2 2 2 אורך פעיל - 1.4 מ""מ","","true"
"5f753f64-170b-4e25-beb3-f4431859fa66","697-017C","מקדח יהלום ארוך - 5 יח  A3LC","697-017","3 3 3 אורך פעיל - 1.7 מ""מ","","true"
"885204bb-7bae-41c3-a21f-1dda04cf840d","697-021C","מקדח יהלום ארוך - 5 יח  A4LC","697-021C","אורך פעיל - 2.1 מ""מ","","true"
"9a4f807d-2f5e-4dde-aacb-ffd4143d5adf","697-023C","מקדח יהלום ארוך - 5 יח  A45LC","697-023C","4 אורך פעיל - 2.3 מ""מ","","true"
"2f242ad7-54c8-4058-a5a5-ea539ff3d627","697-032C","מקדח יהלום ארוך - 5 יח  A5LC","697-032C","5 אורך פעיל - 3.2 מ""מ","","true"
"e7bc1998-b3e8-441b-a42c-de5fb6c364e3","FG.TC4","מקדח טונגסטן לטורבינה - 5 יח","FG.TC000004","4אורך פעיל - 1.1 מ""מ","","true"
"d4a2b7e8-f734-472e-9fc0-b2ef98f914d1","FG.TC6","מקדח טונגסטן לטורבינה - 5 יח","FG.TC000006","6אורך פעיל - 1.6 מ""מ","","true"
"df21f4b0-8735-4d40-877e-12d767546d61","FG.TC8","מקדח טונגסטן לטורבינה - 5 יח","FG.TC000008","אורך פעיל - 1.9 מ""מ","","true"
"8dc0a983-3a6c-463f-b682-6acf2ac8e811","FG.TC245","מקדח טונגסטן לטורבינה - 5 יח","FG.TC000245","אורך פעיל - 2.7 מ""מ","","true"
"08977c2b-bb7e-406c-ad71-813e9bf1c571","FG.TC330","מקדח טונגסטן - 5 יח 330","FG.TC000330","אורך פעיל - 1.9 מ""מ","","true"
"696299d7-7bfe-4a89-b2ab-db3e470467dc","FG.TC1156","מקדח טונגסטן לטורבינה - 5 יח","FG.TC001156","אורך פעיל - 3.2 מ""מ","","true"
"f95c2c94-20d0-4f63-a870-9265052e26a2","FG.TC1157","מקדח טונגסטן לטורבינה - 5 יח","FG.TC001157","אורך פעיל - 3.8 מ""מ","","true"
"57d38ab7-bb6e-4547-aa2c-82e70d051db8","FG.TC1557","מקדח טונגסטן לטורבינה - 5 יח","FG.TC001557","","","true"
"16030114-4d6a-45a6-ae2e-4235dd04a1d0","FG.TC1558","מקדח טונגסטן לטורבינה - 5 יח","FG.TC001558","אורך פעיל - 3.8 מ""מ","","true"
"6d7f7b99-a3cd-456b-bddd-cbe24f0511a1","FG.TC85616","מקדח טונגסטן לטורבינה להשחזות / חיתוך מתכות קשות מאוד - 5 יח","FG.TC085616","אורך פעיל - 8 מ""מ קוטר פעיל - 1.5 מ""מ","","true"
"22256945-cd98-440b-a467-6fb825a5b0d7","FG.TC85618","מקדח טונגסטן לטורבינה להשחזות / חיתוך מתכות קשות מאוד - 5 יח","FG.TC085618","אורך פעיל - 8 מ""מקוטר פעיל - 1.8 מ""מ","","true"
"1918f2f5-e0d1-41ea-a09f-585f257f4993","FG.TCKC1557","מקדח טונגסטן לחיתוך מתכת - 5 יח","FG.TCKC1557","אורך פעיל - 3.9 מ""מקוטר פעיל - 1 מ""מ","","true"
"181ee8d6-9f3b-4958-83a8-2cf402790519","TG TCKC2IN1","TG TCKC2IN1","TG TCKC2IN1","","","true"
"697d6e82-ec6d-48f6-9967-33753406725d","FG.TC7106","מקדח 12 להבים לליטוש קומפוזיט / הסרת שאריות דבק או קומפוזיט ביישור שיניים - 5 יח","FG.TC007106","7106< "" - "">","","true"
"56da3c6c-f986-41a9-aa14-a5a13ceb380d","FG.TC48L10H","מקדח 12 להבים לליטוש קומפוזיט / הסרת שאריות דבק או קומפוזיט ביישור שיניים - 5 יח","FG.TC48L10H","","","true"
"0650ce1e-73f6-41fe-a982-6bc9530e2557","FG.TC48L12H","מקדח 12 להבים לליטוש קומפוזיט / הסרת שאריות דבק או קומפוזיט ביישור שיניים - 5 יח","FG.TC48L12H","51 אורך פעיל - 8 מ""מ","","true"
"d07b31eb-4a86-4230-9de4-afae7359d5af","FG.TC7406","מקדח 12 להבים לליטוש קומפוזיט / הסרת שאריות דבק או קומפוזיט ביישור שיניים - 5 יח","FG.TC007406","7406 אורך פעיל - 3.4 מ""מ","","true"
"7909babf-ef4a-49b9-9bee-d406be4fd905","FG.TC7642","מקדח 12 להבים לליטוש קומפוזיט / הסרת שאריות דבק או קומפוזיט ביישור שיניים - 5 יח","FG.TC007642","7642< "" - "">","","true"
"4bd6128b-29ed-4052-be14-793c1d34cfed","FG.TC7664","מקדח 12 להבים לליטוש קומפוזיט / הסרת שאריות דבק או קומפוזיט ביישור שיניים - 5 יח","FG.TC007664","7664","","true"
"b1c1cd8a-7a24-4f64-8820-72ef25f2a258","FG.TC1SL","מקדח טונגסטן ארוך לטורבינה - 5 יח","FG.TC1SL","","","true"
"7853107c-c3c4-48c4-b9bc-033e19bc4988","FG.TC2SL","מקדח טונגסטן ארוך לטורבינה - 5 יח","FG.TC2SL","2","","true"
"88c860a2-2ff0-478f-bcf5-67b9a5af638f","FG.TC4SL","מקדח טונגסטן ארוך לטורבינה - 5 יח","FG.TC4SL","4","","true"
"09423692-4b16-41d7-bf88-2b35f55aad3f","FG.TC6SL","מקדח טונגסטן ארוך לטורבינה - 5 יח","FG.TC6SL","6 אורל פעיל - 1.8 מ""מ","","true"
"5e4bfa51-d4bc-4949-b381-a6404ce17200","FG.TC8SL","מקדח טונגסטן ארוך לטורבינה - 5 יח","FG.TC8SL","8","","true"
"bdce00eb-d860-4734-8a3a-004caeda9b21","FG.TC558SL","מקדח טונגסטן לטורבינה - 5 יח","FG.TC558SL","558","","true"
"9e0c58ca-eaf4-4edc-ae59-7af82bb81b0a","FG.TC702SL","מקדח טונגסטן לטורבינה - 5 יח","FG.TC702SL","702","","true"
"4c1f852b-e9ae-4d7f-96af-d02d2fb95cda","FG151L-Z","מקדח זכריה 28mm - חבילה 5 יח","FG151L-Z","-28אורך פעיל 11 מ""מ","","true"
"dd3a915e-06ef-45b6-b04d-32987708ce31","FG152-016","מקדח טונגסטן - ENDO Access safe end - יח 5","FG152-016","אורך פעיל - 9 מ""מ","","true"
"99a25a09-eb7a-43c8-a601-c96ee61d349b","HP.TC4","מקדח טונגסטן לידיתן HP","HP.TC00004","4","","true"
"06ff9835-aa83-46a9-9c18-f98db97b731f","HP.TC6","מקדח טונגסטן לידיתן HP","HP.TC00006","6","","true"
"cba0c36d-51a1-457a-90f5-0d7a183db25f","HP.TC557","מקדח טונגסטן לידיתן HP","HP.TC00557","557אורך פעיל - 3.8 מ""מ","","true"
"da20db8d-78a3-43fd-b5da-2ba8a6991a13","HP.TC701","מקדח טונגסטן לידיתן HP","HP.TC00701","701אורך פעיל - 4.9 מ""מ","","true"
"93d310c2-f545-4c0d-a37a-789dea594029","HP.TC702","מקדח טונגסטן לידיתן HP","HP.TC00702","702אורך פעיל - 4.3 מ""מ","","true"
"21723625-26b6-421b-b91b-74d90c94fa64","HP001-033M","מקדח יהלום לידיתן","HP001-033M","","","true"
"a4304f06-8496-4bd5-92a2-9a9979294702","HP001-050M","מקדח יהלום לידיתן","HP001-050M","14","","true"
"3ee336bf-bd4f-4dd5-aa13-b7e2f41d1c73","HP010-027M","מקדח יהלום לידיתן","HP010-027M","16","","true"
"79f85690-c6c1-43fd-95b1-a4030678cba7","HP019-045C","מקדח יהלום לידיתן","HP019-045C","","","true"
"7e3ee394-9103-429b-84a4-08dde57f40c1","HP112-040M","מקדח יהלום לידיתן","HP112-040M","","","true"
"97fa8979-881a-443f-9111-a0851c6d2833","HP167-012LM","מקדח יהלום לידיתן","HP167-012LM","","","true"
"8ce1b31e-5bea-410a-8980-eb3e54417e16","HP172-033M","מקדח יהלום לידיתן","HP172-033M","27","","true"
"e01706c7-3bc1-47e5-b2c7-717a04dd64d8","HP250-027M","מקדח יהלום לידיתן","HP250-027M","25","","true"
"447b5902-5d55-41ec-ab83-b01ae980f6c0","KITPLC","ערכת גומיות לזויתן לליטוש קומפוזיט עם בסיס עמיד באוטוקלאב","KITPLC","","","true"
"fc36b109-583c-4b55-bc41-c30b3ac9078a","KITPLL","ערכת גומיות לזויתן לליטוש חרסינה ו- E-MAX  עם בסיס עמיד באוטוקלאב","KITPLL","","","true"
"b80f2a0a-a324-45e7-91c5-3bd03c6315a7","KITPLU","ערכת גומיות לזויתן לליטוש מתכות ואמלגם  עם בסיס עמיד באוטוקלאב","KITPLU","","","true"
"9dc66547-3356-42e0-b3e7-394da2d06e38","KITPLZ","ערכת גומיות לזויתן לליטוש זירקוניה עם בסיס עמיד באוטוקלאב","KITPLZ","","","true"
"dbe57b7a-7cd6-4cee-a9d0-b4ffceaa2c34","R04-350PS-514-220","דיסק דו-צדדי לעיבוד וחיתוך אקריל","R04 350PS-514-220","350 -220-030","","true"
"a2d65713-181d-496b-b364-697f4f655579","R04-355-504-220","דיסק דו-צדדי לעיבוד וחיתוך אקריל","R04 355-504-220","355-220-017","","true"
"87fb89c1-57ea-480c-a070-89c8fe383ad8","R04-355-514-220","דיסק לעיבוד וחיתוך אקריל","R04 355-514-220","","","true"
"ac6cf4ff-3507-40d0-afc0-1c5bbe02328f","R04-355-524-220","דיסק לעיבוד וחיתוך אקריל","R04 355-524-220","","","true"
"ec4f5e10-3e0d-42cb-8bd2-1afccfc600e0","E164-018C","מקדח יהלום Endo לטורבינה - 5 יח","E164-018C","","","true"
"2a6e4c2c-6963-4aae-b565-975885d3de92","E165-014C","מקדח יהלום Endo לטורבינה - 5 יח עם ראש בטוח","E165-014LC","","","true"
"08b46b0a-ac63-4b59-a6e7-13f9ae35eb94","HP.CC0011740","CC001-040M  Curbide cutter - Medium Cross Cut","HP.CC0011740","","","true"
"6267ffff-b84f-4eb5-8395-5f1278a0d29d","HP.CC0011750","Curbide cutter - Medium Cross Cut","HP.CC0011750","","","true"
"fd016a5f-060d-4323-b019-069be2ff0f0f","HP.CC1751923","Curbide cutter - Medium Cross Cut","HP.CC1751923","","","true"
"ac1cce97-e661-49fe-86c6-e3409dc609c4","HP.CC1941940","Curbide cutter - Medium Cross Cut","HP.CC1941940","","","true"
"1c294482-f6d7-4b47-a458-4e195c3ee041","HP.CC2001140","Curbide cutter - Extra Fine Cross Cut","HP.CC2001140","","","true"
"4924888b-04b3-4847-81d2-bc7f6bc1bfe9","HP.CC2001450","Curbide cutter - Fine Cross Cut","HP.CC2001450","","","true"
"2383d35e-6568-48a8-a05b-72f830638251","HP.CC2011460","Curbide cutter - Fine Cross Cut","HP.CC2011460","","","true"
"43a39361-2313-47d3-b046-06e638c75cfd","HP.CC2011960","Curbide cutter - Medium cross cut","HP.CC2011960","","","true"
"9470d2d5-58d6-4368-b099-051c8522620d","HP.CC2012260","Curbide cutter - Double Cut COarce","HP.CC2012260","","","true"
"6420cbd7-d1de-4cee-a0c7-d4ae05870abf","HP.CC2431450","Curbide cutter - Fine cross cut","HP.CC2431450","","","true"
"851a6039-a600-42be-9459-3f3b6c9b0ba7","HP.CC2571440","Curbide cutter - Fine Cross Cut","HP.CC2571440","","","true"
"bac69b37-b162-42e1-93f3-fe2d9b58265a","HP.CC2741160","Curbide cutter - Extra Fine Cross Cut","HP.CC2741160","","","true"
"60465d5c-29f8-42b9-9708-e1076a1f2427","HP.CC2741950","Curbide cutter - Medium Cross Cut","HP.CC2741950","","","true"
"e101c64f-fa36-4eed-8a54-3178280c0c1b","HP.CC2742260","Curbide cutter - Double Cut Coarse","HP.CC2742260","","","true"
"c1578bca-0466-4db4-a816-67e4842173ab","HP.CC2921440","Curbide cutter - Fine Cross Cut","HP.CC2921440","","","true"
"295cb627-e1aa-434c-b99e-b70b7cb97211","Z001-018ZRT","מקדח ZIRKONIT לחיתוך זירקוניה - יח5","Z001-018ADJ","","","true"
"a026da4a-406c-4f86-a311-48859a574559","Z001-022ADJ","מקדח ZIRKONIT לאיזון זירקוניה - יח5","Z001-022ADJ","אורך פעיל - 2.2 מ""מ","","true"
"fa9f5e10-227e-430d-aa10-ff4d042ed584","Z141-012ZRT","מקדח ZIRKONIT לחיתוך זירקוניה - יח5","Z141-012ZRT","","","true"
"d373a510-aaf2-4cd2-8ed1-eb9b58360fb8","Z141-014ZRT","מקדח ZIRKONIT לחיתוך זירקוניה - יח5","Z141-014ZRT","","","true"
"f238e413-c367-4042-9308-f0dff7634cd8","Z198-018ADJ","מקדח ZIRKONIT לאיזון זירקוניה - יח5","Z198-018ZRT","3","","true"
"d000ab32-d979-459d-bea6-b39bf313f72b","Z198L-016ADJ","מקדח ZIRKONIT לאיזון זירקוניה - יח5","Z198L-016ADJ","אורך פעיל - 9 מ""מ","","true"
"546dc91c-6f17-48c9-8033-6daeba493f16","Z225-018ADJ","מקדח ZIRKONIT לאיזון זירקוניה - יח5","Z225-018ADJ","4 אורך פעיל - 5 מ""מ","","true"
"4f428f35-44fc-47ff-bf28-2c758ecae620","Z246-014ADJ","מקדח ZIRKONIT לאיזון זירקוניה - יח5","Z246-014ADJ","2 אורך פעיל - 2.7 מ""מ","","true"
"712b0afb-ea42-4f44-9949-5f5b19edb950","Z257-023ADJ","מקדח ZIRKONIT לאיזון זירקוניה - יח5","Z257-023ADJ","","","true"
"b1dbacf8-cd57-4f64-adcc-8ffddfa33915","Z276-031ADJ","מקדח ZIRKONIT לאיזון זירקוניה - יח5","Z276-031ADJ","אורך פעיל - 6.2 מ""מ","","true"
"890141c3-37cd-447d-bdb0-9b532afe8347","Z277-023ADJ","מקדח ZIRKONIT לאיזון זירקוניה - יח5","Z277-023ADJ","2 אורך פעיל - 4.5 מ""מ","","true"
"392b97cb-24ed-4136-9205-770aeb8980ea","Z298-021ADJ","מקדח ZIRKONIT לאיזון זירקוניה - יח5","Z298-021ADJ","2 אורך פעיל - 8 מ""מ","","true"
"b406001e-aff9-447d-9346-eb04aa5d4866","Z540-010ADJ","מקדח ZIRKONIT לאיזון זירקוניה - יח5","Z540-010ADJ","אורך פעיל - 4 מ""מ","","true"
"d39f8f2a-788d-45b4-a903-99c4650ca39e","HEATERS","סט גופי חימום לאוטוקלב","DZP KIT","","","true"
"d39f8f2a-788d-45b4-a903-99c4650ca39e","HEATERS","סט גופי חימום לאוטוקלב","DCP KIT","","","true"
"d39f8f2a-788d-45b4-a903-99c4650ca39e","HEATERS","סט גופי חימום לאוטוקלב","DLP KIT","","","true"
"64873c2f-918b-4684-8136-c19637ba1ae2","PLC101HG","גומיות לזויתן לליטוש קומפוזיט - 12יח  Hi-Gloss  DISC","PLC101HG","","","true"
"2ce23835-3e2b-4023-824d-136757ac6e0f","PLC510SF","גומיות לזויתן לליטוש קומפוזיט - 12יח  Silk-Finish CONE","PLC510SF","","","true"
"d9d1324b-6443-425f-8f0d-a86c2085dbb4","PLL510HG","גומיות לזויתן עם יהלום לליטוש E-MAX וחרסינה - 12יח","PLL510HG","","","true"
"7d335d18-bec3-438e-8722-891c16d9ebff","PLL510SF","גומיות לזויתן עם יהלום לליטוש E-MAX וחרסינה - 12יח","PLL510SF","","","true"
"ef8a2b16-8aa0-4b71-ad38-141dbad78fca","PLZ510HG","גומיות ליטוש פולישרס - חבילה 12יח","PLZ510HG","","","true"
"dcd93084-e032-46e1-8832-0510aa381f61","PLZ510SF","גומיות ליטוש פולישרס - חבילה 12יח","PLZ510SF","","","true"
"18a512c1-72b1-4fe0-8354-175100d11f42","DBUDHGF","גומיות לזויתן בצורת מברשת עם יהלום לליטוש נאנו קומפוזיטים - 10יח","DBUDHGF","","","true"
"2b6648e2-fb40-4da5-b75f-636813a0ec19","DCP14SF","גומיות לזויתן בצורת שבשבת עם יהלום לליטוש נאנו קומפוזיטים - 10יח","DCP14SF","","","true"
"c3664b7f-ff3d-4787-881b-32138d4e3d46","DCP14HG","גומיות לזויתן בצורת שבשבת עם יהלום לליטוש נאנו קומפוזיטים - 10יח","DCP14HG","","","true"
"73fc4d30-6930-4327-b9ad-90234714fe2e","SSP-60C-M1","סטריפים - 10יח","SSP-60C-M1","","","true"
"76b02915-7c2c-42f1-a60d-3dd1272f1792","200-022C","מקדח יהלום - 5 יח","200-022C","","","true"
"6f26a0b2-7e7a-4b6a-bb0a-602d0a1f67c5","173-016C","מקדח יהלום - 5 יח","173-016S(Short)","","","true"
"992f8e06-1d56-46f1-a82f-27b9ae5fc95a","197-018SC","מקדח יהלום קצר  - 5 יח  C2S/C","197-018S (Short)","","","true"
"c317f97b-54f1-48e0-92cf-3547c4ae3521","199-010F","מקדח יהלום - 5 יח","199-010S(Short)","מקדח קצראורך פעיל - 10 מ""מ","","true"
"7abee7d3-7df6-42f9-badc-4e4725a3e3e3","199-014XC","מקדח יהלום - 5 יח","199-014S(Short)","13 13 אורך פעיל - 10 מ""מ","","true"
"14a1c265-f1f8-45af-a881-16a80c2a7033","199-016C","מקדח יהלום - 5 יח  F1RC","199-016S(Short)","1 1 1 1 1 אורך פעיל - 10 מ""מ","","true"
"b69a6039-5d03-4240-96cc-37d7fc04d934","199-019SC","מקדח יהלום Short - יח5   F2RC","199-019S(Short)","2 2 אורך פעיל - 10 מ""מ","","true"
"3a462db4-d924-44ef-a29e-7936d745780a","H109-010XC","מקדח הליקס - 5 יח","H109-010","אורך - 19 מ""מאורך פעיל - 4 מ""מ","","true"
"3b4d55e6-e672-4a33-8373-0aaa0fb8f86d","H110-012SXC","מקדח הליקס - 5 יח","H110-012","אורך - 19 מ""מ אורך פעיל - 7 מ""מ","","true"
"25b7b2dc-7336-47e3-9b20-1feadd861b0e","H111-014XC","מקדח הליקס - 5 יח","H111-014","אורך - 21 מ""מאורך פעיל - 8 מ""מ","","true"
"9051b1e2-8a9f-4f59-afa2-9c92f8464a22","H130-012SXC","מקדח הליקס - 5 יח","H130-012","אורך - 19 מ""מאורך פעיל - 8 מ""מ","","true"
"6864ecfa-9d50-4bbd-bfcf-db1b0bded1d2","H131-014XC","מקדח הליקס - 5 יח","H131-014","אורך - 21 מ""מאורך פעיל - 8 מ""מ","","true"
"5f573995-9d18-47d2-b6a2-8c0faa6b6c36","H140-012SXC","מקדח הליקס - 5 יח","H140-012","אורך - 21 מ""מ אורך פעיל - 6 מ""מ","","true"
"e392e495-c5a6-4c54-a287-58e42dd5ff7f","H197-020C","מקדח הליקס - 5 יח","H197-020","אורך - 16 מ""מאורך פעיל - 6 מ""מ","","true"
"465a9cb4-48e1-4d4b-8200-e20696c5c37d","H198-019SXC","מקדח הליקס - 5 יח","H198-019","","","true"
"61fe801e-1ae9-40ee-82ed-5cf26f527358","H198-022XC","מקדח הליקס - 5 יח","H198-022","","","true"
"465a9cb4-48e1-4d4b-8200-e20696c5c37d","H198-019SXC","מקדח הליקס - 5 יח","H198-019(Short)","","","true"
"8f872c16-142f-4f3d-bd60-91f0347373f8","H199-014SXC","מקדח הליקס - 5 יח","H199-014","","","true"
"7cf637b3-0fb8-4ac9-9637-7c887df16480","H249-012SXC","מקדח הליקס - 5 יח","H249-012","אורך - 21 מ""מאורך פעיל - 8 מ""מ","","true"
"bf789716-0d9b-41db-901f-01bdc3278226","H250-012SXC","מקדח הליקס - 5 יח","H250-012","אורך - 21 מ""מ אורך פעיל - 10 מ""מ","","true"
"61e4894a-cc2a-4457-8afd-190b0316ca41","H257-023C","מקדח הליקס - 5 יח","H257-023","אורך - 19 מ""מאורך פעיל - 5 מ""מ","","true"
"7fd0044f-a15d-4bb1-a299-40c5bbcdcce5","H299-018XC","מקדח הליקס - 5 יח","H299-018","אורך - 19 מ""מ אורך פעיל - 10 מ""מ","","true"
"4672dbe5-c133-4a83-8e3c-9b5b891493d0","JI-J4QC","טורבינה ראש מיני J4 JINME","jinme j4","ראש קטן במיוחד, מיסבים גרמניים,ציפויי טיטניום, אחריות לשנה.","","true"
"38fd4182-8f9a-4879-a0c7-71e2b06c2ee7","JI-J4QCLED","טורבינה ראש מיני עם אור J4QC","jinme j4","ראש קטן במיוחד, מיסבים גרמניים,ציפויי טיטניום, אחריות לשנה.","","true"
"cf9b5883-fbe9-4496-9452-af213abae902","JI-J5","טורבינה 4 חוריםGENERATOR LED J5","jinme j5","טורבינה חזקה במיוחד,מיסבים גרמניים,תאורת לד דינמו,חיבור מהיר + פיית שימון כלולים","","true"
"8eed4f6e-034c-4ecb-a4c4-840560050363","JI-J5QC","טורבינה 4  חוריםGENERATOR  LED J5 חיבור מהיר","jinme j5","טורבינה חזקה במיוחד,מיסבים גרמניים,תאורת לד דינמו,חיבור מהיר + פיית שימון כלולים","","true"
"797e2585-1410-4820-bfae-76644caa7e22","JI-CA15L","זויתן מגביר מהירות JINME 1:5  F.O","jinme 1 : 5 handpiece","זוויתן מגביר מהירות, יחס תמסורת - 1:5,ראש קטן במיוחד! -12.7 מ""מ בלבד! תאורה פייב","","true"
"4b641587-f02d-41ad-82fc-ab73e7f35aaf","JI-CA15LM","זויתן JINME 1:5  F.O ראש קטן","jinme 1 : 5 handpiece","זוויתן מגביר מהירות, יחס תמסורת - 1:5,ראש קטן במיוחד! -12.7 מ""מ בלבד! תאורה פייב","","true"
"57e9e200-d30c-4468-b6bc-e59bcaa8e80f","JI-J1PLUS","טורבינה JINME J1 PLUS ללא אור","jinme j1 plus","ציפויי טיטניום, חיבור 4 - חורים.","","true"
"01849640-b3e3-4cb0-98c0-5cebd7b4478b","JI-J45LED","טורבינה כירורגית 45 מעלות 4 חורים  LED","jinme j45","טורבינה כירורגית - בעלת ראש בזווית 45 מעלות! תאורת לד דינמו, פליטת אוויר אחורית ","","true"
"f018af4a-351f-4ac9-9287-ae5bbc58d817","JI-J45LEDQC","טורבינה כירורגית 45 מעלות 4 חורים LED עם חיבור מהיר","jinme j45","טורבינה כירורגית - בעלת ראש בזווית 45 מעלות! תאורת לד דינמו, פליטת אוויר אחורית ","","true"
"e3c02042-1876-41a4-ac52-88e52b961713","JI-J45TU","טורבינה כירורגית 45 מעלות 4 חורים ללא אור","jinme j45","טורבינה כירורגית - בעלת ראש בזווית 45 מעלות! תאורת לד דינמו, פליטת אוויר אחורית ","","true"
"033ecd88-4dfb-44ce-a52c-238bccd44fa3","MK-HC20KL","טורבינה Mk-Dent CLASSIC LINE עם תאורה FO חיבור KAVO","Mk - Dent classic line","טורבינה חזקה ושקטה במיוחד! ציפויי טיטניום, מיסבים קרמיים - בעלי תוחלת חיים ארוכה","","true"
"4012deaa-e360-4245-8380-537cb6eeca35","MK-HP21KL","טורבינה MK-dent PRIME LINE עם תאורה FO, חיבור KAVO","Mk-DENT Prime line","הטורבינה השקטה בעולם! חזקה במיוחד! בעלת מערכת ויסות לחץ אוטומטית.","","true"
"3d52cd4f-036b-4fdf-aaf3-189fb1b4604a","MK-HP21SL","טורבינה Mk-Dent PRIME LINE עם תאורה FO, חיבור SIRONA","Mk-DENT Prime line","הטורבינה השקטה בעולם! חזקה במיוחד! בעלת מערכת ויסות לחץ אוטומטית.","","true"
"16b18da1-d67c-4230-98b6-39be2795e4bf","MK-HP21NL","טורבינה Mk-Dent PRIME LINE עם תאורה FO, חיבור NSK","Mk-DENT Prime line","הטורבינה השקטה בעולם! חזקה במיוחד! בעלת מערכת ויסות לחץ אוטומטית.","","true"
"8e746f7c-4329-4654-b62f-8339226db457","MK-HP21WL","טורבינה Mk Dent PRIME LINE עם תאורה FO, חיבור W&H","Mk-DENT Prime line","הטורבינה השקטה בעולם! חזקה במיוחד! בעלת מערכת ויסות לחץ אוטומטית.","","true"
"7621b9ba-a282-4d61-a6e2-3c20a489b7e8","MK-HP22KL","טורבינה MK DENT PRIME LINE עם תאורה FO, ראש קטן חיבור KAVO","Mk-DENT Prime line","הטורבינה השקטה בעולם! חזקה במיוחד! בעלת מערכת ויסות לחץ אוטומטית.","","true"
"545da429-7733-4f94-aa18-d4e4bbfd7d67","JI-CA11L","זויתן JINME FO L1:1 עם אור פייבר אופטי","jinme 1:1 fiber optic","יחס תמסורת 1:1, תאורה פייבר אופטי, יציאת מים פנימית, מיסבים קרמיים, פתיחה באמצעו","","true"
"ad719487-ccdf-4afd-ab9e-aac67c4f8149","JI-CA201L","זוויתן השתלות 20:1 פייבר אופטי JINME","jinme 20 : 1 contra angle handpiece (FO)","זוויתן השתלות - יחס תמסורת 20:1, תאורה פייבר אופטית,","","true"
"88795159-a567-4d46-821c-740040b54a58","AG-6950C","anthogyr SAFE RELAX חולץ כתרים/גשרים אוטומטי","Safe Relax","מסיר כתרים וגשרים אוטומטי ואטראומטי, המכשיר המהיר בעולם מסוגו, מספק נוחות מקסימל","","true"
"8634489e-3bfa-4334-b058-9d4b1d5e92de","AG-6961C","anthogyr SAFE RELAX חולץ כתרים/גשרים אוטומטי","Safe Relax","מסיר כתרים וגשרים אוטומטי ואטראומטי, המכשיר המהיר בעולם מסוגו, מספק נוחות מקסימל","","true"
"7d9fb4c0-97b2-4dd5-b97d-d26cc282a7a1","JI-J6K","טורבינה JINME J6 חיבור KAVO","jinme j6","מיסבים גרמניים, ציפויי טיטניאום, חזקה במיוחד, אחריות לשנה - מגיע בשני גירסאות - ","","true"
"2e4a1774-f0bf-4c04-bcf7-f23e4b095460","JI-J6N","טורבינה JINME J6 חיבור NSK","jinme j6","מיסבים גרמניים, ציפויי טיטניאום, חזקה במיוחד, אחריות לשנה - מגיע בשני גירסאות - ","","true"
"01a4a8a4-f1ac-414e-ae4b-cff0b016beff","LED-10100.301","Electrosurgical Unit SURTRON 160 BIPOLAR","Surtron 80/120/160","מכשיר מיוחד המאפשר חיתוך של רכמות רכות, וצריבה של כלי דם. יחד עם המכשיר תקבלו גם","","true"
"3030ceee-d3e0-4764-a79d-670181cc2312","LE-10100.051","Electrosurgical Unit SURTRON 50 D","Surtron 50d","מערכות בטיחות ארגונומיות יוצאות מן הכלל, מיועד לניתוחים מונופולריים, סט אלקטרודו","","true"
"b5586ba3-5f2c-49be-ae74-72de16c3814b","LE-10100.081","Electrosurgical Unit SURTRON 80 D","Surtron 80d","מערכות בטיחות ארגונומיות יוצאות מן הכלל, מיועד לניתוחים מונופולריים, סט אלקטרודו","","true"
"31cf352c-a0f5-4878-9230-2067b0dee6e1","MK-SC21E","ידית לסקילר MK-dentGERMANY תואם EMS","MK - DENT  (EMS) - Scaler handpiece","מכשיר להסרת אבנית ופלאק, תואם חיבור - EMS.","","true"
"94019a7d-38a5-4dbc-bb32-f44e83503f37","MK-SC21S","ידית לסקילר MK-dentGERMANY תואם SATELEC","MK - DENT (Satalec) - Scaler handpiec","מכשיר להסרת אבנית ופלאק, תואם חיבור -SATALEC","","true"
"c3c48418-5e84-498c-b7a1-c96c839419e6","MK-SC21EL","ידית לסקילר MK-dentGERMANY תואם EMS עם תאורת LED","MK - DENT (EMS)- Scaler handpiece (with light)","מכשיר להסרת אבנית ופלאק, תאורת לד, תואם חיבור - EMS.","","true"
"162c8db4-e819-442c-8d69-0ffd91abb1e9","MK-SC21SL","ידית לסקילר MK-dentGERMANY תואם SATELEC עם תאורת LED","MK - DENT  satalec - Scaler handpiece (with light)","מכשיר להסרת אבנית ופלאק, תאורת לד, תואם חיבור - SATALEC.","","true"
"2f85e8d2-be26-438f-a86a-a809274a4346","CN-KEY SAT","מפתח טורק לטיפים","Scaler Torque key","מפתח מומנט טורק לסקיילר,ניתן לסיטרול .","","true"
"3d755f59-9fba-4a19-a9fa-07a1c64853fd","SC-I-EM","טיפ EMS חברת SCORPION - אוניברסלי","טיפ אוניברסלי לסקילר","","","true"
"5e42ea59-a414-4df1-8974-4fa2e37da5ac","WP-P1","טיפ פריו P1 לסקיילר תואם  EMS","טיפ פריו לסקילר","","","true"
"f10fb7f2-a799-4ce7-95ef-f0c329dc7631","JI-CA142EWL","זויתן JINME 1:4.2 מעלות 45 מים חיצוניים","Jinme 1:4.2 Contra angle","זוויתן כירורגי מגביר מהירות בעל ראש בזווית של 45 מעלות, בעל מיסבים גרמניים ותאור","","true"
"ebcdf3d7-5ccd-4679-9a72-f31f05c0487b","JI-CA142IWL","זויתן JINME 1:4.2 מעלות 45 מים פנימיים","Jinme 1:4.2 Contra angle","זוויתן כירורגי מגביר מהירות בעל ראש בזווית של 45 מעלות, בעל מיסבים גרמניים ותאור","","true"
"7068c682-505b-46ff-b2dd-56d29b72d5e4","JI-M1","מנוע אוויר JINME מים חיצונים","jinme air motor","ידית בעלת יכולת סיבוב 360 מעלות! מהירות מירבית - 20,000 RPM.","","true"
"cb4e31c4-1bce-4c43-8d56-15cc02d580bc","JI-EM","מנוע חשמלי JINME","jinme External electric motor set","מנוע חשמלי של חברת(Jinme) 4 מצבי עבודה - 1:1,1:5,16:1,20:1. שקט ועוצמתי במיוחד, ","","true"
"cb4e31c4-1bce-4c43-8d56-15cc02d580bc","JI-EM","מנוע חשמלי JINME","jinme Internal electric motor set","מנוע חשמלי של חברת(JINME), 2 מצבי עבודה - 1:1/1:5, מותקן אל תוך היוניט.","","true"
"ddd58b1d-05b9-4e2f-99d9-aea30b4a1762","JI-QCK","חיבור מהיר JINME תואם KAVO עם LED קבוע","jinme - Kavo Quick connector","חיבור מהיר - תואם חיבור Kavo.","","true"
"bb57ff94-da9d-4004-80ac-c0e2da5e8948","JI-QCN","חיבור מהיר JINME לטורבינות NSK עם LED קבוע","jinme - NSK Quick connector","חיבור מהיר - תואם חיבור NSK.","","true"
"76e9da62-0215-4c14-9487-f342182728f9","w&h-r924","חיבור מהיר פיבר אופטיק W&H","Mk-dent - W&H Quick connector","חיבור מהיר - תואם חיבור W&H.","","true"
"95981d23-fd16-4313-830a-f2c72efb3e98","SA-SIP10","פיזיודיספנסר SAESHIN Traus SIP10 כולל זויתן","Saeshin Traus sip 10 - implant motor set (NON - OPTIC)","פיזיודיספנסר של חברת סאיישין, מנגנון הגנה מפני עומס יתר, מערכת כיול אוטומטי,טורק","","true"
"d8eb14d8-6755-423d-95ec-b08f6929f1e0","SA-SIP20","פיזיודיספנסר SAESHIN Traus SIP20 עם אור כולל זויתן","Saeshin Traus sip 20 - implant motor set(optic)","פיזיודיספנסר של חברת סאיישין,תאורת לד, מנגנון הגנה מפני עומס יתר, מערכת כיול אוט","","true"
"74a475d8-73cb-482e-b9a3-db2dab54d17b","SA-SUS20","Traus Piezo SUS20","Traus SuS 20 - piezoSurgery","פיאזוסארג'רי של חברת סאיישין, מבצע חיתוך עוצמתי ומדוייק, ידידותי למשתמש,יחד עם ה","","true"
"1501c28b-62ff-4371-830c-db3e418c4acd","SA-FORTE400P","מנוע טכני SEASHIN FORTE 400P","Forte 400 p","מנוע טכני למעבדות, מהירות - עד 50,000 RPM,מנוע שקט ועוצמתי!","","true"
"192c2390-abb5-4743-b114-b5e63cf41f90","SA-SP-E1","Extraction Piezo Tip","extraction tip","טיפ ישר לעקירות.","","true"
"90584338-2f6e-4255-aa71-9b9e907c87d8","SA-SP-E1L","Piezo Tip - Extraction E1 Left","block bone/ridge expension (Left)","טיפ מעוקל שמאלה לחיתוך בלוקי עצם.","","true"
"fcaff926-1ac4-407e-a68c-e14915ff909c","SA-SP-E1R","Piezo Tip - Extraction E1 Right","block bone/ridge expension (Right)","טיפ מעוקל ימינה לחיתוך בלוקי עצם.","","true"
"59e3a045-cc52-4a51-8eee-e86eb60f870c","SA-SP-401D","Piezo Tip - Sinus Lift","Sinus Lifting (Ball)","טיפ יהלום כדורי להרמות סינוס.","","true"
"111edec7-54c2-44ba-a64b-705656814f46","SA-SP-SAWR","Rounded MICRO-SAW, Bone blockGrafting","block bone/ridge expension (RD)","טיפ מסור בעל קצה מעוגל ודק לחיתוך עצם.","","true"
"1bb50c02-fb58-4fc8-a587-e37903e21dba","SA-SP-SAW","Powerful bone surgery, Bone blockGrafting RS2","block bone/ridge expension","טיפ לחיתוך בלוקי עצם.","","true"
"c347bcdf-6107-4fb8-9d89-e73b00921776","JI-CA201","זויתן השתלות 20:1 JINME ללא אור","jinme 20 : 1 contra angle handpiece","זוויתן השתלות עוצמתי של חברת Jinme. יחס תמסורת 20:1, תאורה פייבר אופטית, טורק מק","","true"
"b9c0e87e-83f0-4e84-8fea-be503f6fb979","YE-C200","אבמטיה אולטרסוניק YESON C200","Yeson Ultrasonic cleaner","אמבטיה אולטראסוניק של חברת YESON, קלה לשימוש, נפח - 2.5 ליטר.","","true"
"4f9bffec-7b69-41df-a16f-d21c1ca6665e","YE-E1","אוטוקלב YESON 3L Class B","autoclave (3L)","אוטוקלאב CLASS - B של חברת YESON, נפח - 3 ליטר, מהיר במיוחד - סייקל כולל ייבוש ב","","true"
