item_number,name_he,excel_name
"001-021C","מקדח יהלום - 5 יח  A4C","001-021"
"001-014C","מקדח יהלום - 5 יח  A2C","001-014"
"001-018C","מקדח יהלום - 5 יח  A3C","001-018"
"001-023F","מקדח יהלום - 5 יח","001-023"
"001-033C","מקדח יהלום - 5 יח A5LC","001-033"
"257-016C","מקדח יהלום - 5 יח","257-016"
"257-023C","מקדח יהלום - 5 יח  K2C","257-023"
"277-018C","מקדח יהלום - 5 יח","277-018"
"277-021C","מקדח יהלום - 5 יח","277-021"
"277-023XF","מקדח יהלום - 5 יח  K2RSF","277-023"
"517-018SC","מקדח יהלום - 5 יח","517-018"
"250-016M","מקדח יהלום - 5 יח","250-016"
"250-012C","מקדח יהלום - 5 יח  Z50C","250-012"
"250-014C","מקדח יהלום - 5 יח","250-014"
"010-019C","מקדח יהלום - 5 יח  B2C","010-019C"
"552-021M","מקדח יהלום Depth Marker - יח5","552-021"
"552-016M","מקדח יהלום Depth Marker - יח5","552-016"
"166-016C","מקדח יהלום - 5 יח  E3C","166-016"
"197-025C","מקדח יהלום - 5 יח","197 - 025"
"001-009C","מקדח יהלום - 5 יח","001-009C"
"001-010C","מקדח יהלום - 5 יח","001-010"
"001-012C","מקדח יהלום - 5 יח  A1C","001-012"
"001-016M","מקדח יהלום - 5 יח  A25M","001 - 016"
"010-012C","מקדח יהלום - 5 יח  B1C","010 - 012"
"010-014C","מקדח יהלום - 5 יח","010-014C"
"038-033C","מקדח יהלום - 5 יח  M41C","038-033"
"067-036C","מקדח יהלום - 5 יח","067-036C"
"068-042C","מקדח יהלום - 5 יח","068-042C"
"109-008C","מקדח יהלום - 5 יח","109-008"
"109-010C","מקדח יהלום - 5 יח   D1C","109-010"
"109-012C","מקדח יהלום - 5 יח","109-012C"
"109-016XC","מקדח יהלום - 5 יח","109-016XC"
"110-010C","מקדח יהלום - 5 יח","110-010"
"110-012C","מקדח יהלום - 5 יח","110-012C"
"110-014C","מקדח יהלום - 5 יח","110-014"
"110-016XC","מקדח יהלום - 5 יח","110-016XC"
"111-010C","מקדח יהלום - 5 יח","111-010C"
"111-012C","מקדח יהלום - 5 יח","111-012"
"111-014XC","מקדח יהלום - 5 יח","111-014XC"
"111-016XC","מקדח יהלום - 5 יח","111-016XC"
"111-018XC","מקדח יהלום - 5 יח","111-018XC"
"112-014C","מקדח יהלום - 5 יח","112 - 014 C"
"130-012C","מקדח יהלום - 5 יח","130-012"
"131-012C","מקדח יהלום בצורת צילינדר מחודד קו סיום של 135 מעלות - 5 יח","131-012"
"131-014C","מקדח יהלום - 5 יח","131-014C"
"139-010C","מקדח יהלום - 5 יח","139-010C"
"139-012C","מקדח יהלום - 5 יח","139-012"
"139-014C","מקדח יהלום - 5 יח","139-014"
"140-012F","מקדח יהלום - 5 יח","140-012"
"140-014C","מקדח יהלום - 5 יח","140-014"
"141-010C","מקדח יהלום - 5 יח","141-010C"
"141-012C","מקדח יהלום - 5 יח","141-012"
"141-014C","מקדח יהלום - 5 יח","141-014"
"141-016C","מקדח יהלום - 5 יח","141-016"
"141-018XC","מקדח יהלום - 5 יח","141-018XC"
"142-014M","מקדח יהלום - 5 יח","142-014M"
"150-016M","מקדח יהלום - 5 יח","150-016M"
"164-010C","מקדח יהלום - 5 יח","164-010"
"164-012C","מקדח יהלום - 5 יח","164-012"
"164-014C","מקדח יהלום - 5 יח","164-014"
"165-014XF","מקדח יהלום - 5 יח  E2SSF","165-014"
"166-010C","מקדח יהלום - 5 יח","166-010"
"166-012C","מקדח יהלום - 5 יח","166-012"
"166-014M","מקדח יהלום - 5 יח","166-014"
"166-018C","מקדח יהלום - 5 יח","166-018"
"167-012C","מקדח יהלום - 5 יח","167-012"
"172-014C","מקדח יהלום - 5 יח","172 - 014"
"172-016C","מקדח יהלום - 5 יח","172 - 016"
"172-018C","מקדח יהלום - 5 יח","172 - 018 C"
"173-012C","מקדח יהלום - 5 יח","173 - 012C"
"173-014C","מקדח יהלום - 5 יח","173 - 014C"
"173-016C","מקדח יהלום - 5 יח","173 - 016"
"173-018C","מקדח יהלום - 5 יח","173 - 018"
"174-013C","מקדח יהלום - 5 יח","174 - 013"
"196-009F","מקדח יהלום - 5 יח","196 - 009 F"
"196-026C","מקדח יהלום - 5 יח","196 - 026"
"197-012C","מקדח יהלום - 5 יח","197 - 012"
"197-014C","מקדח יהלום  - 5 יח  C1C","197 - 014"
"197-018SC","מקדח יהלום קצר  - 5 יח  C2S/C","197-018"
"197-023C","מקדח יהלום - 5 יח","197 - 023"
"198-012C","מקדח יהלום - 5 יח","198-012C"
"198-014C","מקדח יהלום - 5 יח","198-014"
"198-016C","מקדח יהלום - 5 יח","198-016"
"198-018C","מקדח יהלום - 5 יח","198-018"
"198-019XC","מקדח יהלום - 5 יח","198-019XC"
"198-021C","מקדח יהלום - 5 יח","198-021"
"198-025XC","מקדח יהלום - 5 יח  F25RSC","198-025XC"
"199-010F","מקדח יהלום - 5 יח","199-010"
"199-012C","מקדח יהלום - 5 יח","199-012"
"199-016C","מקדח יהלום - 5 יח  F1RC","199-016"
"199-018C","מקדח יהלום - 5 יח","199-018"
"199-019SC","מקדח יהלום Short - יח5   F2RC","199-019"
"200-016C","מקדח יהלום - 5 יח","200-016C"
"220-014M","מקדח יהלום - 5 יח","220-014M"
"225-013C","מקדח יהלום - 5 יח  B3C","225-013"
"225-016C","מקדח יהלום - 5 יח","225-016C"
"225-018C","מקדח יהלום - 5 יח  B4C","225-018C"
"237-012XF","מקדח יהלום - 5 יח","237-012XF"
"249-010C","מקדח יהלום - 5 יח","249-010"
"249-012F","מקדח יהלום - 5 יח","249-012"
"249-014C","מקדח יהלום - 5 יח   E5C","249-014"
"249-016C","מקדח יהלום - 5 יח","249-016C"
"250-010C","מקדח יהלום - 5 יח E53C","250-010"
"257-018C","מקדח יהלום - 5 יח","257-018"
"257-020C","מקדח יהלום - 5 יח","257-020"
"288-010F","מקדח יהלום - 5 יח","288-010F"
"288-012C","מקדח יהלום - 5 יח","288-012"
"289-012C","מקדח יהלום - 5 יח S11C/E73","289-012"
"289-014C","מקדח יהלום - 5 יח","289-014"
"290-010C","מקדח יהלום - 5 יח","290-010"
"290-012C","מקדח יהלום - 5 יח","290-012"
"290-014C","מקדח יהלום - 5 יח","290-014"
"299-012XC","מקדח יהלום - 5 יח","299-012XC"
"299-018C","מקדח יהלום - 5 יח","299-018"
"299-019F","מקדח יהלום - 5 יח","299-019S(Short)"
"508T-016M","מקדח יהלום - 5 יח - להשחזת שיניים בגבול החניכיים בצורה מתכנסת","508T-016M"
"521-019SC","מקדח יהלום - 5 יח","521-019S"
"539-007C","מקדח יהלום - 5 יח","539-007"
"540-008F","מקדח יהלום - 5 יח","540-008"
"540-010C","מקדח יהלום - 5 יח","540-010"
"697-012C","מקדח יהלום ארוך - 5 יח  A1LC","697-012"
"697-014C","מקדח יהלום ארוך - 5 יח  A2LC","697-014"
"697-017C","מקדח יהלום ארוך - 5 יח  A3LC","697-017"
"697-021C","מקדח יהלום ארוך - 5 יח  A4LC","697-021C"
"697-023C","מקדח יהלום ארוך - 5 יח  A45LC","697-023C"
"697-032C","מקדח יהלום ארוך - 5 יח  A5LC","697-032C"
"FG.TC4","מקדח טונגסטן לטורבינה - 5 יח","FG.TC000004"
"FG.TC6","מקדח טונגסטן לטורבינה - 5 יח","FG.TC000006"
"FG.TC8","מקדח טונגסטן לטורבינה - 5 יח","FG.TC000008"
"FG.TC245","מקדח טונגסטן לטורבינה - 5 יח","FG.TC000245"
"FG.TC330","מקדח טונגסטן - 5 יח 330","FG.TC000330"
"FG.TC1156","מקדח טונגסטן לטורבינה - 5 יח","FG.TC001156"
"FG.TC1157","מקדח טונגסטן לטורבינה - 5 יח","FG.TC001157"
"FG.TC1557","מקדח טונגסטן לטורבינה - 5 יח","FG.TC001557"
"FG.TC1558","מקדח טונגסטן לטורבינה - 5 יח","FG.TC001558"
"FG.TC85616","מקדח טונגסטן לטורבינה להשחזות / חיתוך מתכות קשות מאוד - 5 יח","FG.TC085616"
"FG.TC85618","מקדח טונגסטן לטורבינה להשחזות / חיתוך מתכות קשות מאוד - 5 יח","FG.TC085618"
"FG.TCKC1557","מקדח טונגסטן לחיתוך מתכת - 5 יח","FG.TCKC1557"
"TG TCKC2IN1","TG TCKC2IN1","TG TCKC2IN1"
"FG.TC7106","מקדח 12 להבים לליטוש קומפוזיט / הסרת שאריות דבק או קומפוזיט ביישור שיניים - 5 יח","FG.TC007106"
"FG.TC48L10H","מקדח 12 להבים לליטוש קומפוזיט / הסרת שאריות דבק או קומפוזיט ביישור שיניים - 5 יח","FG.TC48L10H"
"FG.TC48L12H","מקדח 12 להבים לליטוש קומפוזיט / הסרת שאריות דבק או קומפוזיט ביישור שיניים - 5 יח","FG.TC48L12H"
"FG.TC7406","מקדח 12 להבים לליטוש קומפוזיט / הסרת שאריות דבק או קומפוזיט ביישור שיניים - 5 יח","FG.TC007406"
"FG.TC7642","מקדח 12 להבים לליטוש קומפוזיט / הסרת שאריות דבק או קומפוזיט ביישור שיניים - 5 יח","FG.TC007642"
"FG.TC7664","מקדח 12 להבים לליטוש קומפוזיט / הסרת שאריות דבק או קומפוזיט ביישור שיניים - 5 יח","FG.TC007664"
"FG.TC1SL","מקדח טונגסטן ארוך לטורבינה - 5 יח","FG.TC1SL"
"FG.TC2SL","מקדח טונגסטן ארוך לטורבינה - 5 יח","FG.TC2SL"
"FG.TC4SL","מקדח טונגסטן ארוך לטורבינה - 5 יח","FG.TC4SL"
"FG.TC6SL","מקדח טונגסטן ארוך לטורבינה - 5 יח","FG.TC6SL"
"FG.TC8SL","מקדח טונגסטן ארוך לטורבינה - 5 יח","FG.TC8SL"
"FG.TC558SL","מקדח טונגסטן לטורבינה - 5 יח","FG.TC558SL"
"FG.TC702SL","מקדח טונגסטן לטורבינה - 5 יח","FG.TC702SL"
"FG151L-Z","מקדח זכריה 28mm - חבילה 5 יח","FG151L-Z"
"FG152-016","מקדח טונגסטן - ENDO Access safe end - יח 5","FG152-016"
"HP.TC4","מקדח טונגסטן לידיתן HP","HP.TC00004"
"HP.TC6","מקדח טונגסטן לידיתן HP","HP.TC00006"
"HP.TC557","מקדח טונגסטן לידיתן HP","HP.TC00557"
"HP.TC701","מקדח טונגסטן לידיתן HP","HP.TC00701"
"HP.TC702","מקדח טונגסטן לידיתן HP","HP.TC00702"
"HP001-033M","מקדח יהלום לידיתן","HP001-033M"
"HP001-050M","מקדח יהלום לידיתן","HP001-050M"
"HP010-027M","מקדח יהלום לידיתן","HP010-027M"
"HP019-045C","מקדח יהלום לידיתן","HP019-045C"
"HP112-040M","מקדח יהלום לידיתן","HP112-040M"
"HP167-012LM","מקדח יהלום לידיתן","HP167-012LM"
"HP172-033M","מקדח יהלום לידיתן","HP172-033M"
"HP250-027M","מקדח יהלום לידיתן","HP250-027M"
"KITPLC","ערכת גומיות לזויתן לליטוש קומפוזיט עם בסיס עמיד באוטוקלאב","KITPLC"
"KITPLL","ערכת גומיות לזויתן לליטוש חרסינה ו- E-MAX  עם בסיס עמיד באוטוקלאב","KITPLL"
"KITPLU","ערכת גומיות לזויתן לליטוש מתכות ואמלגם  עם בסיס עמיד באוטוקלאב","KITPLU"
"KITPLZ","ערכת גומיות לזויתן לליטוש זירקוניה עם בסיס עמיד באוטוקלאב","KITPLZ"
"R04-350PS-514-220","דיסק דו-צדדי לעיבוד וחיתוך אקריל","R04 350PS-514-220"
"R04-355-504-220","דיסק דו-צדדי לעיבוד וחיתוך אקריל","R04 355-504-220"
"R04-355-514-220","דיסק לעיבוד וחיתוך אקריל","R04 355-514-220"
"R04-355-524-220","דיסק לעיבוד וחיתוך אקריל","R04 355-524-220"
"E164-018C","מקדח יהלום Endo לטורבינה - 5 יח","E164-018C"
"E165-014C","מקדח יהלום Endo לטורבינה - 5 יח עם ראש בטוח","E165-014LC"
"HP.CC0011740","CC001-040M  Curbide cutter - Medium Cross Cut","HP.CC0011740"
"HP.CC0011750","Curbide cutter - Medium Cross Cut","HP.CC0011750"
"HP.CC1751923","Curbide cutter - Medium Cross Cut","HP.CC1751923"
"HP.CC1941940","Curbide cutter - Medium Cross Cut","HP.CC1941940"
"HP.CC2001140","Curbide cutter - Extra Fine Cross Cut","HP.CC2001140"
"HP.CC2001450","Curbide cutter - Fine Cross Cut","HP.CC2001450"
"HP.CC2011460","Curbide cutter - Fine Cross Cut","HP.CC2011460"
"HP.CC2011960","Curbide cutter - Medium cross cut","HP.CC2011960"
"HP.CC2012260","Curbide cutter - Double Cut COarce","HP.CC2012260"
"HP.CC2431450","Curbide cutter - Fine cross cut","HP.CC2431450"
"HP.CC2571440","Curbide cutter - Fine Cross Cut","HP.CC2571440"
"HP.CC2741160","Curbide cutter - Extra Fine Cross Cut","HP.CC2741160"
"HP.CC2741950","Curbide cutter - Medium Cross Cut","HP.CC2741950"
"HP.CC2742260","Curbide cutter - Double Cut Coarse","HP.CC2742260"
"HP.CC2921440","Curbide cutter - Fine Cross Cut","HP.CC2921440"
"Z001-018ZRT","מקדח ZIRKONIT לחיתוך זירקוניה - יח5","Z001-018ADJ"
"Z001-022ADJ","מקדח ZIRKONIT לאיזון זירקוניה - יח5","Z001-022ADJ"
"Z141-012ZRT","מקדח ZIRKONIT לחיתוך זירקוניה - יח5","Z141-012ZRT"
"Z141-014ZRT","מקדח ZIRKONIT לחיתוך זירקוניה - יח5","Z141-014ZRT"
"Z198-018ADJ","מקדח ZIRKONIT לאיזון זירקוניה - יח5","Z198-018ZRT"
"Z198L-016ADJ","מקדח ZIRKONIT לאיזון זירקוניה - יח5","Z198L-016ADJ"
"Z225-018ADJ","מקדח ZIRKONIT לאיזון זירקוניה - יח5","Z225-018ADJ"
"Z246-014ADJ","מקדח ZIRKONIT לאיזון זירקוניה - יח5","Z246-014ADJ"
"Z257-023ADJ","מקדח ZIRKONIT לאיזון זירקוניה - יח5","Z257-023ADJ"
"Z276-031ADJ","מקדח ZIRKONIT לאיזון זירקוניה - יח5","Z276-031ADJ"
"Z277-023ADJ","מקדח ZIRKONIT לאיזון זירקוניה - יח5","Z277-023ADJ"
"Z298-021ADJ","מקדח ZIRKONIT לאיזון זירקוניה - יח5","Z298-021ADJ"
"Z540-010ADJ","מקדח ZIRKONIT לאיזון זירקוניה - יח5","Z540-010ADJ"
"HEATERS","סט גופי חימום לאוטוקלב","DZP KIT"
"HEATERS","סט גופי חימום לאוטוקלב","DCP KIT"
"HEATERS","סט גופי חימום לאוטוקלב","DLP KIT"
"PLC101HG","גומיות לזויתן לליטוש קומפוזיט - 12יח  Hi-Gloss  DISC","PLC101HG"
"PLC510SF","גומיות לזויתן לליטוש קומפוזיט - 12יח  Silk-Finish CONE","PLC510SF"
"PLL510HG","גומיות לזויתן עם יהלום לליטוש E-MAX וחרסינה - 12יח","PLL510HG"
"PLL510SF","גומיות לזויתן עם יהלום לליטוש E-MAX וחרסינה - 12יח","PLL510SF"
"PLZ510HG","גומיות ליטוש פולישרס - חבילה 12יח","PLZ510HG"
"PLZ510SF","גומיות ליטוש פולישרס - חבילה 12יח","PLZ510SF"
"DBUDHGF","גומיות לזויתן בצורת מברשת עם יהלום לליטוש נאנו קומפוזיטים - 10יח","DBUDHGF"
"DCP14SF","גומיות לזויתן בצורת שבשבת עם יהלום לליטוש נאנו קומפוזיטים - 10יח","DCP14SF"
"DCP14HG","גומיות לזויתן בצורת שבשבת עם יהלום לליטוש נאנו קומפוזיטים - 10יח","DCP14HG"
"SSP-60C-M1","סטריפים - 10יח","SSP-60C-M1"
"200-022C","מקדח יהלום - 5 יח","200-022C"
"173-016C","מקדח יהלום - 5 יח","173-016S(Short)"
"197-018SC","מקדח יהלום קצר  - 5 יח  C2S/C","197-018S (Short)"
"199-010F","מקדח יהלום - 5 יח","199-010S(Short)"
"199-014XC","מקדח יהלום - 5 יח","199-014S(Short)"
"199-016C","מקדח יהלום - 5 יח  F1RC","199-016S(Short)"
"199-019SC","מקדח יהלום Short - יח5   F2RC","199-019S(Short)"
"H109-010XC","מקדח הליקס - 5 יח","H109-010"
"H110-012SXC","מקדח הליקס - 5 יח","H110-012"
"H111-014XC","מקדח הליקס - 5 יח","H111-014"
"H130-012SXC","מקדח הליקס - 5 יח","H130-012"
"H131-014XC","מקדח הליקס - 5 יח","H131-014"
"H140-012SXC","מקדח הליקס - 5 יח","H140-012"
"H197-020C","מקדח הליקס - 5 יח","H197-020"
"H198-019SXC","מקדח הליקס - 5 יח","H198-019"
"H198-022XC","מקדח הליקס - 5 יח","H198-022"
"H198-019SXC","מקדח הליקס - 5 יח","H198-019(Short)"
"H199-014SXC","מקדח הליקס - 5 יח","H199-014"
"H249-012SXC","מקדח הליקס - 5 יח","H249-012"
"H250-012SXC","מקדח הליקס - 5 יח","H250-012"
"H257-023C","מקדח הליקס - 5 יח","H257-023"
"H299-018XC","מקדח הליקס - 5 יח","H299-018"
"JI-J4QC","טורבינה ראש מיני J4 JINME","jinme j4"
"JI-J4QCLED","טורבינה ראש מיני עם אור J4QC","jinme j4"
"JI-J5","טורבינה 4 חוריםGENERATOR LED J5","jinme j5"
"JI-J5QC","טורבינה 4  חוריםGENERATOR  LED J5 חיבור מהיר","jinme j5"
"JI-CA15L","זויתן מגביר מהירות JINME 1:5  F.O","jinme 1 : 5 handpiece"
"JI-CA15LM","זויתן JINME 1:5  F.O ראש קטן","jinme 1 : 5 handpiece"
"JI-J1PLUS","טורבינה JINME J1 PLUS ללא אור","jinme j1 plus"
"JI-J45LED","טורבינה כירורגית 45 מעלות 4 חורים  LED","jinme j45"
"JI-J45LEDQC","טורבינה כירורגית 45 מעלות 4 חורים LED עם חיבור מהיר","jinme j45"
"JI-J45TU","טורבינה כירורגית 45 מעלות 4 חורים ללא אור","jinme j45"
"MK-HC20KL","טורבינה Mk-Dent CLASSIC LINE עם תאורה FO חיבור KAVO","Mk - Dent classic line"
"MK-HP21KL","טורבינה MK-dent PRIME LINE עם תאורה FO, חיבור KAVO","Mk-DENT Prime line"
"MK-HP21SL","טורבינה Mk-Dent PRIME LINE עם תאורה FO, חיבור SIRONA","Mk-DENT Prime line"
"MK-HP21NL","טורבינה Mk-Dent PRIME LINE עם תאורה FO, חיבור NSK","Mk-DENT Prime line"
"MK-HP21WL","טורבינה Mk Dent PRIME LINE עם תאורה FO, חיבור W&H","Mk-DENT Prime line"
"MK-HP22KL","טורבינה MK DENT PRIME LINE עם תאורה FO, ראש קטן חיבור KAVO","Mk-DENT Prime line"
"JI-CA11L","זויתן JINME FO L1:1 עם אור פייבר אופטי","jinme 1:1 fiber optic"
"JI-CA201L","זוויתן השתלות 20:1 פייבר אופטי JINME","jinme 20 : 1 contra angle handpiece (FO)"
"AG-6950C","anthogyr SAFE RELAX חולץ כתרים/גשרים אוטומטי","Safe Relax"
"AG-6961C","anthogyr SAFE RELAX חולץ כתרים/גשרים אוטומטי","Safe Relax"
"JI-J6K","טורבינה JINME J6 חיבור KAVO","jinme j6"
"JI-J6N","טורבינה JINME J6 חיבור NSK","jinme j6"
"LED-10100.301","Electrosurgical Unit SURTRON 160 BIPOLAR","Surtron 80/120/160"
"LE-10100.051","Electrosurgical Unit SURTRON 50 D","Surtron 50d"
"LE-10100.081","Electrosurgical Unit SURTRON 80 D","Surtron 80d"
"MK-SC21E","ידית לסקילר MK-dentGERMANY תואם EMS","MK - DENT  (EMS) - Scaler handpiece"
"MK-SC21S","ידית לסקילר MK-dentGERMANY תואם SATELEC","MK - DENT (Satalec) - Scaler handpiec"
"MK-SC21EL","ידית לסקילר MK-dentGERMANY תואם EMS עם תאורת LED","MK - DENT (EMS)- Scaler handpiece (with light)"
"MK-SC21SL","ידית לסקילר MK-dentGERMANY תואם SATELEC עם תאורת LED","MK - DENT  satalec - Scaler handpiece (with light)"
"CN-KEY SAT","מפתח טורק לטיפים","Scaler Torque key"
"SC-I-EM","טיפ EMS חברת SCORPION - אוניברסלי","טיפ אוניברסלי לסקילר"
"WP-P1","טיפ פריו P1 לסקיילר תואם  EMS","טיפ פריו לסקילר"
"JI-CA142EWL","זויתן JINME 1:4.2 מעלות 45 מים חיצוניים","Jinme 1:4.2 Contra angle"
"JI-CA142IWL","זויתן JINME 1:4.2 מעלות 45 מים פנימיים","Jinme 1:4.2 Contra angle"
"JI-M1","מנוע אוויר JINME מים חיצונים","jinme air motor"
"JI-EM","מנוע חשמלי JINME","jinme External electric motor set"
"JI-EM","מנוע חשמלי JINME","jinme Internal electric motor set"
"JI-QCK","חיבור מהיר JINME תואם KAVO עם LED קבוע","jinme - Kavo Quick connector"
"JI-QCN","חיבור מהיר JINME לטורבינות NSK עם LED קבוע","jinme - NSK Quick connector"
"w&h-r924","חיבור מהיר פיבר אופטיק W&H","Mk-dent - W&H Quick connector"
"SA-SIP10","פיזיודיספנסר SAESHIN Traus SIP10 כולל זויתן","Saeshin Traus sip 10 - implant motor set (NON - OPTIC)"
"SA-SIP20","פיזיודיספנסר SAESHIN Traus SIP20 עם אור כולל זויתן","Saeshin Traus sip 20 - implant motor set(optic)"
"SA-SUS20","Traus Piezo SUS20","Traus SuS 20 - piezoSurgery"
"SA-FORTE400P","מנוע טכני SEASHIN FORTE 400P","Forte 400 p"
"SA-SP-E1","Extraction Piezo Tip","extraction tip"
"SA-SP-E1L","Piezo Tip - Extraction E1 Left","block bone/ridge expension (Left)"
"SA-SP-E1R","Piezo Tip - Extraction E1 Right","block bone/ridge expension (Right)"
"SA-SP-401D","Piezo Tip - Sinus Lift","Sinus Lifting (Ball)"
"SA-SP-SAWR","Rounded MICRO-SAW, Bone blockGrafting","block bone/ridge expension (RD)"
"SA-SP-SAW","Powerful bone surgery, Bone blockGrafting RS2","block bone/ridge expension"
"JI-CA201","זויתן השתלות 20:1 JINME ללא אור","jinme 20 : 1 contra angle handpiece"
"YE-C200","אבמטיה אולטרסוניק YESON C200","Yeson Ultrasonic cleaner"
"YE-E1","אוטוקלב YESON 3L Class B","autoclave (3L)"
